PLAYER_ID,PLAYER_NAME,TEAM_ID,TEAM_ABBREVIATION,AGE,PLAYER_HEIGHT,PLAYER_HEIGHT_INCHES,PLAYER_WEIGHT,COLLEGE,COUNTRY,DRAFT_YEAR,DRAFT_ROUND,DRAFT_NUMBER,GP,PTS,REB,AST,NET_RATING,OREB_PCT,DREB_PCT,USG_PCT,TS_PCT,AST_PCT
201166,Aaron Brooks,1610612741,CHI,31.,6-0,72,161,Oregon,USA,2007,1,26,42,298,72,99,1.7,0.024,0.089,0.226,0.492,0.236
203932,Aaron Gordon,1610612753,ORL,20.,6-9,81,220,Arizona,USA,2014,1,4,51,395,310,73,-1.7,0.095,0.21,0.164,0.539,0.102
1626151,Aaron Harrison,1610612766,CHA,21.,6-6,78,210,Kentucky,USA,Undrafted,Undrafted,Undrafted,13,7,8,0,3.2,0.057,0.111,0.122,0.277,0.
203940,Adreian Payne,1610612750,MIN,24.,6-10,82,237,Michigan State,USA,2014,1,15,33,88,67,16,-6.7,0.041,0.201,0.167,0.477,0.081
201143,Al Horford,1610612737,ATL,29.,6-10,82,245,Florida,Dominican Republic,2007,1,3,55,839,378,170,3.4,0.069,0.169,0.211,0.564,0.164
2744,Al Jefferson,1610612766,CHA,31.,6-10,82,289,None,USA,2004,1,15,19,238,116,30,0.1,0.051,0.215,0.244,0.495,0.112
202329,Al-Farouq Aminu,1610612757,POR,25.,6-9,81,215,Wake Forest,USA,2010,1,8,54,561,344,86,2.3,0.045,0.189,0.174,0.517,0.081
202692,Alec Burks,1610612762,UTA,24.,6-6,78,214,Colorado,USA,2011,1,12,28,401,100,59,-3.4,0.024,0.131,0.256,0.518,0.138
203458,Alex Len,1610612756,PHX,22.,7-1,85,260,Maryland,Ukraine,2013,1,5,51,353,317,47,-7.,0.107,0.243,0.183,0.51,0.077
201582,Alexis Ajinca,1610612740,NOP,27.,7-2,86,248,None,France,2008,1,20,41,187,169,17,-0.3,0.097,0.278,0.177,0.527,0.052
203459,Allen Crabbe,1610612757,POR,23.,6-6,78,210,California,USA,2013,2,31,53,594,140,63,-1.2,0.013,0.098,0.176,0.576,0.072
202087,Alonzo Gee,1610612740,NOP,28.,6-6,78,225,Alabama,USA,Undrafted,Undrafted,Undrafted,53,213,163,50,-5.,0.036,0.12,0.088,0.562,0.063
2405,Amar'e Stoudemire,1610612748,MIA,33.,6-10,82,245,None,USA,2002,1,9,25,135,113,17,-4.5,0.105,0.255,0.187,0.561,0.08
101161,Amir Johnson,1610612738,BOS,28.,6-9,81,240,None,USA,2005,2,56,52,391,328,92,5.7,0.102,0.188,0.138,0.599,0.109
2760,Anderson Varejao,1610612739,CLE,33.,6-11,83,273,None,Brazil,2004,2,30,31,80,91,20,4.2,0.082,0.238,0.143,0.469,0.094
203083,Andre Drummond,1610612765,DET,22.,6-11,83,279,Connecticut,USA,2012,1,9,54,917,807,45,2.4,0.152,0.338,0.245,0.496,0.042
2738,Andre Iguodala,1610612744,GSW,32.,6-6,78,215,Arizona,USA,2004,1,9,51,384,218,179,16.9,0.038,0.127,0.12,0.588,0.168
1889,Andre Miller,1610612750,MIN,39.,6-3,75,200,Utah,USA,1999,1,8,26,88,24,58,-0.8,0.03,0.08,0.154,0.663,0.307
203460,Andre Roberson,1610612760,OKC,24.,6-7,79,210,Colorado,USA,2013,1,26,45,221,149,36,12.5,0.061,0.103,0.102,0.553,0.048
200745,Andrea Bargnani,1610612751,BKN,30.,7-0,84,245,None,Italy,2006,1,1,46,304,97,18,-15.7,0.047,0.135,0.234,0.5,0.051
101106,Andrew Bogut,1610612744,GSW,31.,7-0,84,260,Utah,Australia,2005,1,1,45,245,338,95,16.,0.097,0.266,0.118,0.603,0.132
203094,Andrew Nicholson,1610612753,ORL,26.,6-9,81,250,St. Bonaventure,Canada,2012,1,19,36,220,130,12,-0.6,0.048,0.209,0.194,0.529,0.036
203952,Andrew Wiggins,1610612750,MIN,20.,6-8,80,199,Kansas,Canada,2014,1,1,53,1100,195,96,-2.4,0.05,0.07,0.276,0.526,0.09
203461,Anthony Bennett,1610612761,TOR,22.,6-8,80,245,Nevada-Las Vegas,Canada,2013,1,1,15,23,21,0,-14.8,0.073,0.294,0.183,0.42,0.
1626148,Anthony Brown,1610612747,LAL,23.,6-7,79,210,Stanford,USA,2015,2,34,25,95,55,12,-1.7,0.015,0.11,0.111,0.438,0.038
203076,Anthony Davis,1610612740,NOP,22.,6-10,82,253,Kentucky,USA,2012,1,1,47,1098,468,87,-2.7,0.065,0.251,0.29,0.559,0.096
201627,Anthony Morrow,1610612760,OKC,30.,6-5,77,210,Georgia Tech,USA,Undrafted,Undrafted,Undrafted,48,267,51,16,4.1,0.014,0.068,0.158,0.549,0.033
201229,Anthony Tolliver,1610612765,DET,30.,6-8,80,240,Creighton,USA,Undrafted,Undrafted,Undrafted,53,289,184,43,0.7,0.03,0.16,0.118,0.543,0.06
203462,Archie Goodwin,1610612756,PHX,21.,6-5,77,200,Kentucky,USA,2013,1,29,34,312,83,76,-9.1,0.026,0.114,0.227,0.522,0.186
203382,Aron Baynes,1610612765,DET,29.,6-10,82,260,Washington State,Australia,Undrafted,Undrafted,Undrafted,53,304,240,41,-6.,0.124,0.224,0.189,0.541,0.091
201167,Arron Afflalo,1610612752,NYK,30.,6-5,77,210,UCLA,USA,2007,1,27,47,668,167,91,-1.4,0.01,0.104,0.191,0.54,0.092
203085,Austin Rivers,1610612746,LAC,23.,6-4,76,200,Duke,USA,2012,1,10,46,371,84,60,-1.7,0.016,0.075,0.186,0.508,0.104
202340,Avery Bradley,1610612738,BOS,25.,6-2,74,180,Texas,USA,2010,1,19,50,756,133,106,5.9,0.019,0.067,0.201,0.537,0.096
203463,Ben McLemore,1610612758,SAC,23.,6-5,77,195,Kansas,USA,2013,1,7,49,379,102,59,-0.2,0.025,0.082,0.167,0.557,0.078
2757,Beno Udrih,1610612748,MIA,33.,6-3,75,205,None,Slovenia,2004,1,28,41,195,68,111,-1.6,0.012,0.103,0.169,0.508,0.261
202687,Bismack Biyombo,1610612761,TOR,23.,6-9,81,245,None,Democratic Republic of the Congo,2011,1,7,52,281,423,14,4.4,0.111,0.284,0.117,0.58,0.019
201933,Blake Griffin,1610612746,LAC,26.,6-10,82,251,Oklahoma,USA,2009,1,1,30,697,260,149,5.8,0.051,0.217,0.296,0.552,0.26
1626246,Boban Marjanovic,1610612759,SAS,27.,7-3,87,290,None,Serbia,Undrafted,Undrafted,Undrafted,34,194,123,12,11.2,0.188,0.295,0.26,0.666,0.071
1626171,Bobby Portis,1610612741,CHI,21.,6-11,83,230,Arkansas,USA,2015,1,22,32,224,147,18,-11.7,0.103,0.19,0.216,0.488,0.058
202711,Bojan Bogdanovic,1610612751,BKN,26.,6-8,80,216,None,Croatia,2011,2,31,54,509,173,55,-9.3,0.023,0.117,0.17,0.538,0.061
2564,Boris Diaw,1610612759,SAS,33.,6-8,80,250,None,France,2003,1,21,53,351,174,131,13.3,0.051,0.139,0.164,0.578,0.185
203078,Bradley Beal,1610612764,WAS,22.,6-5,77,207,Florida,USA,2012,1,3,30,560,112,88,-3.4,0.027,0.108,0.254,0.564,0.155
201148,Brandan Wright,1610612763,MEM,28.,6-10,82,210,North Carolina,USA,2007,1,8,7,46,24,4,-21.7,0.054,0.165,0.158,0.607,0.061
1626183,Branden Dawson,1610612746,LAC,23.,6-6,78,225,Michigan State,USA,2015,2,56,2,2,3,0,-63.5,0.2,0.111,0.108,0.333,0.
101138,Brandon Bass,1610612747,LAL,30.,6-8,80,250,Louisiana State,USA,2005,2,33,47,293,198,56,-5.,0.088,0.157,0.134,0.591,0.103
201943,Brandon Jennings,1610612765,DET,26.,6-1,73,169,None,USA,2009,1,10,23,157,46,70,3.7,0.013,0.106,0.189,0.495,0.265
202688,Brandon Knight,1610612756,PHX,24.,6-3,75,189,Kentucky,USA,2011,1,8,42,827,157,215,-6.1,0.019,0.097,0.264,0.523,0.235
201575,Brandon Rush,1610612744,GSW,30.,6-6,78,220,Kansas,USA,2008,1,13,43,210,117,38,3.3,0.026,0.151,0.131,0.591,0.076
203148,Brian Roberts,1610612766,CHA,30.,6-1,73,173,Dayton,USA,Undrafted,Undrafted,Undrafted,30,145,29,38,-1.6,0.012,0.093,0.197,0.552,0.198
201572,Brook Lopez,1610612751,BKN,27.,7-0,84,275,Stanford,USA,2008,1,10,54,1090,444,88,-5.1,0.096,0.174,0.275,0.553,0.087
203998,Bruno Caboclo,1610612761,TOR,20.,6-9,81,205,None,Brazil,2014,1,20,3,0,1,0,-98.,0.,0.25,0.3,0.,0.
203955,Bryce Cotton,1610612756,PHX,23.,6-1,73,165,Providence,USA,Undrafted,Undrafted,Undrafted,3,4,0,3,-20.6,0.,0.,0.177,0.25,0.143
1626214,Bryce Dejean-Jones,1610612740,NOP,23.,6-6,78,203,Iowa State,USA,Undrafted,Undrafted,Undrafted,11,69,39,12,-4.2,0.035,0.176,0.146,0.529,0.075
203468,CJ McCollum,1610612757,POR,24.,6-4,76,200,Lehigh,USA,2013,1,10,52,1075,187,220,1.6,0.018,0.094,0.272,0.532,0.211
101139,CJ Miles,1610612754,IND,28.,6-6,78,231,None,USA,2005,2,34,48,572,150,52,-1.5,0.02,0.12,0.217,0.526,0.07
201228,CJ Watson,1610612753,ORL,31.,6-2,74,175,Tennessee,USA,Undrafted,Undrafted,Undrafted,8,38,16,25,9.3,0.033,0.075,0.133,0.463,0.21
203912,CJ Wilcox,1610612746,LAC,25.,6-5,77,195,Washington,USA,2014,1,28,8,6,2,2,22.3,0.,0.091,0.237,0.25,0.111
203946,Cameron Bairstow,1610612741,CHI,25.,6-9,81,250,New Mexico,Australia,2014,2,49,14,20,25,5,-8.5,0.045,0.244,0.183,0.288,0.086
1626166,Cameron Payne,1610612760,OKC,21.,6-3,75,185,Murray State,USA,2015,1,14,37,201,64,76,-1.3,0.017,0.144,0.205,0.53,0.267
201171,Carl Landry,1610612755,PHI,32.,6-9,81,248,Purdue,USA,2007,2,31,14,96,38,6,-0.8,0.085,0.179,0.242,0.585,0.06
2546,Carmelo Anthony,1610612752,NYK,31.,6-8,80,240,Syracuse,USA,2003,1,3,48,1026,378,200,0.5,0.045,0.201,0.292,0.526,0.21
2406,Caron Butler,1610612758,SAC,35.,6-7,79,228,Connecticut,USA,2002,1,10,9,24,11,3,-26.8,0.033,0.127,0.138,0.446,0.07
202718,Chandler Parsons,1610612742,DAL,27.,6-10,82,230,Florida,USA,2011,2,38,47,590,206,112,-0.3,0.015,0.16,0.205,0.571,0.146
101112,Channing Frye,1610612753,ORL,32.,6-11,83,255,Arizona,USA,2005,1,8,44,229,141,45,2.6,0.035,0.182,0.137,0.586,0.083
101236,Charles Hayes,1610612745,HOU,32.,6-6,78,240,Kentucky,USA,Undrafted,Undrafted,Undrafted,2,4,8,2,-2.,0.,0.286,0.112,0.694,0.133
101111,Charlie Villanueva,1610612742,DAL,31.,6-11,83,232,Connecticut,USA,2005,1,7,44,245,118,20,-10.6,0.032,0.215,0.243,0.464,0.067
201978,Chase Budinger,1610612754,IND,27.,6-7,79,209,Arizona,USA,2009,2,44,41,185,101,43,2.,0.042,0.137,0.143,0.496,0.096
2365,Chris Andersen,1610612748,MIA,37.,6-10,82,245,Blinn,USA,Undrafted,Undrafted,Undrafted,7,13,9,3,-23.9,0.115,0.2,0.18,0.553,0.136
2547,Chris Bosh,1610612748,MIA,31.,6-11,83,235,Georgia Tech,USA,2003,1,4,53,1010,390,128,1.7,0.032,0.211,0.253,0.571,0.129
203142,Chris Copeland,1610612749,MIL,31.,6-9,81,239,Colorado,USA,Undrafted,Undrafted,Undrafted,24,50,10,11,-26.2,0.007,0.073,0.177,0.462,0.12
203187,Chris Johnson,1610612762,UTA,25.,6-6,78,206,Dayton,USA,Undrafted,Undrafted,Undrafted,43,129,84,35,3.4,0.04,0.14,0.142,0.496,0.108
2549,Chris Kaman,1610612757,POR,33.,7-0,84,265,Central Michigan,USA,2003,1,6,8,20,9,5,-24.,0.06,0.102,0.237,0.357,0.167
1626191,Chris McCullough,1610612751,BKN,21.,6-11,83,200,Syracuse,,2015,1,29,2,7,3,0,-11.2,0.05,0.095,0.197,0.438,0.
101108,Chris Paul,1610612746,LAC,30.,6-0,72,175,Wake Forest,USA,2005,1,4,48,927,183,450,11.4,0.019,0.105,0.27,0.563,0.463
1626174,Christian Wood,1610612755,PHI,20.,6-11,83,220,Nevada-Las Vegas,USA,Undrafted,Undrafted,Undrafted,14,51,32,3,-5.2,0.083,0.206,0.186,0.523,0.042
203921,Cleanthony Early,1610612752,NYK,24.,6-8,80,210,Wichita State,USA,2014,2,34,10,7,2,1,13.8,0.,0.061,0.099,0.583,0.045
1626146,Cliff Alexander,1610612757,POR,20.,6-8,80,240,Kansas,USA,Undrafted,Undrafted,Undrafted,7,10,6,0,4.3,0.111,0.133,0.172,0.5,0.
203991,Clint Capela,1610612745,HOU,21.,6-10,82,240,None,Switzerland,2014,1,25,53,382,364,37,1.4,0.134,0.227,0.156,0.548,0.054
203469,Cody Zeller,1610612766,CHA,23.,7-0,84,240,Indiana,USA,2013,1,4,45,395,279,42,1.3,0.081,0.202,0.16,0.558,0.059
202332,Cole Aldrich,1610612746,LAC,27.,6-11,83,250,Kansas,USA,2010,1,11,31,167,117,28,-0.5,0.11,0.272,0.223,0.572,0.128
201147,Corey Brewer,1610612745,HOU,29.,6-9,81,186,Florida,USA,2007,1,7,55,417,135,83,-3.2,0.023,0.101,0.178,0.486,0.112
203928,Cory Jefferson,1610612756,PHX,25.,6-9,81,218,Baylor,USA,2014,2,60,8,22,16,0,-10.2,0.122,0.196,0.209,0.446,0.
202709,Cory Joseph,1610612761,TOR,24.,6-3,75,190,Texas,Canada,2011,1,29,52,455,136,160,9.4,0.021,0.091,0.168,0.531,0.194
201584,Courtney Lee,1610612763,MEM,30.,6-5,77,200,Western Kentucky,USA,2008,1,22,51,511,118,76,1.,0.015,0.079,0.157,0.556,0.08
1626245,Cristiano Felicio,1610612741,CHI,23.,6-10,82,275,None,Brazil,Undrafted,Undrafted,Undrafted,7,3,1,4,-24.3,0.,0.056,0.078,0.521,0.235
1626156,D'Angelo Russell,1610612747,LAL,19.,6-5,77,195,Ohio State,USA,2015,1,2,53,646,191,176,-9.4,0.022,0.123,0.236,0.502,0.22
201571,D.J. Augustin,1610612760,OKC,28.,6-0,72,183,Texas,USA,2008,1,9,34,142,43,66,-0.7,0.011,0.078,0.141,0.522,0.192
203081,Damian Lillard,1610612757,POR,25.,6-3,75,195,Weber State,USA,2012,1,6,47,1142,205,344,1.1,0.02,0.112,0.307,0.547,0.349
203996,Damien Inglis,1610612749,MIL,20.,6-8,80,246,None,France,2014,2,31,8,8,9,2,-29.9,0.028,0.205,0.148,0.41,0.095
204014,Damjan Rudez,1610612750,MIN,29.,6-9,81,230,None,Croatia,Undrafted,Undrafted,Undrafted,21,56,11,7,-4.1,0.02,0.049,0.127,0.627,0.053
201568,Danilo Gallinari,1610612743,DEN,27.,6-10,82,225,None,Italy,2008,1,6,48,947,259,125,-3.2,0.031,0.146,0.229,0.585,0.125
201980,Danny Green,1610612759,SAS,28.,6-6,78,215,North Carolina,USA,2009,2,46,53,400,207,97,11.6,0.027,0.14,0.15,0.507,0.095
201967,Dante Cunningham,1610612740,NOP,28.,6-8,80,230,Villanova,USA,2009,2,33,51,221,152,31,-4.4,0.035,0.14,0.097,0.538,0.042
201589,Darrell Arthur,1610612743,DEN,27.,6-9,81,235,Kansas,USA,2008,1,27,46,324,183,58,-1.1,0.062,0.149,0.168,0.508,0.101
201954,Darren Collison,1610612758,SAC,28.,6-0,72,175,UCLA,USA,2009,1,21,48,643,103,187,-2.4,0.015,0.068,0.2,0.581,0.214
1626199,Darrun Hilliard,1610612765,DET,22.,6-6,78,205,Villanova,USA,2015,2,38,22,84,20,14,2.8,0.021,0.086,0.198,0.523,0.111
101135,David Lee,1610612738,BOS,32.,6-9,81,245,Florida,USA,2005,1,30,30,214,130,54,-4.,0.093,0.212,0.235,0.499,0.201
2561,David West,1610612759,SAS,35.,6-9,81,250,Xavier,USA,2003,1,18,52,349,205,94,13.2,0.055,0.201,0.174,0.594,0.151
201599,DeAndre Jordan,1610612746,LAC,27.,6-11,83,265,Texas A&M,USA,2008,2,35,51,619,716,56,9.8,0.122,0.326,0.146,0.623,0.047
201971,DeJuan Blair,1610612764,WAS,26.,6-7,79,270,Pittsburgh,USA,2009,2,37,29,61,57,11,-11.4,0.097,0.203,0.172,0.414,0.077
201942,DeMar DeRozan,1610612761,TOR,26.,6-7,79,220,Southern California,USA,2009,1,9,52,1219,226,214,2.,0.025,0.114,0.296,0.548,0.214
202326,DeMarcus Cousins,1610612758,SAC,25.,6-11,83,270,Kentucky,USA,2010,1,5,44,1179,489,139,1.,0.074,0.267,0.351,0.537,0.161
201960,DeMarre Carroll,1610612761,TOR,29.,6-8,80,212,Missouri,USA,2009,1,27,23,268,110,24,0.1,0.041,0.131,0.181,0.485,0.054
1626153,Delon Wright,1610612761,TOR,23.,6-5,77,190,Utah,USA,2015,1,20,14,13,7,4,-12.4,0.024,0.128,0.226,0.391,0.2
203471,Dennis Schroder,1610612737,ATL,22.,6-1,73,172,None,Germany,2013,1,17,53,567,148,240,10.6,0.023,0.133,0.278,0.504,0.357
101114,Deron Williams,1610612742,DAL,31.,6-3,75,200,Illinois,USA,2005,1,3,46,649,134,247,-0.4,0.01,0.089,0.226,0.525,0.288
202324,Derrick Favors,1610612762,UTA,24.,6-10,82,265,Georgia Tech,USA,2010,1,3,35,580,296,54,0.3,0.105,0.204,0.238,0.55,0.089
201565,Derrick Rose,1610612741,CHI,27.,6-3,75,190,Memphis,USA,2008,1,1,45,714,159,215,-3.3,0.022,0.088,0.268,0.46,0.251
202682,Derrick Williams,1610612752,NYK,24.,6-8,80,240,Arizona,USA,2011,1,2,54,482,199,46,-6.8,0.039,0.207,0.241,0.533,0.094
1626164,Devin Booker,1610612756,PHX,19.,6-6,78,206,Kentucky,USA,2015,1,13,48,511,104,84,-10.,0.012,0.093,0.204,0.573,0.126
2734,Devin Harris,1610612742,DAL,32.,6-3,75,185,Wisconsin,USA,2004,1,5,40,296,84,83,-2.1,0.018,0.098,0.171,0.559,0.172
203906,Devyn Marble,1610612753,ORL,23.,6-6,78,200,Iowa,USA,2014,2,56,8,2,3,0,-25.3,0.042,0.125,0.157,0.155,0.
203473,Dewayne Dedmon,1610612753,ORL,26.,7-0,84,245,Southern California,USA,Undrafted,Undrafted,Undrafted,33,99,104,6,-4.5,0.093,0.24,0.137,0.542,0.03
203079,Dion Waiters,1610612760,OKC,24.,6-4,76,220,Syracuse,USA,2012,1,4,54,534,152,104,6.,0.019,0.091,0.175,0.491,0.098
1717,Dirk Nowitzki,1610612742,DAL,37.,7-0,84,245,None,Germany,1998,1,9,49,860,325,81,3.7,0.026,0.211,0.249,0.556,0.092
202388,Donald Sloan,1610612751,BKN,28.,6-3,75,205,Texas A&M,USA,Undrafted,Undrafted,Undrafted,34,200,95,138,-4.9,0.022,0.135,0.16,0.535,0.298
202700,Donatas Motiejunas,1610612745,HOU,25.,7-0,84,222,None,Lithuania,2011,1,20,14,78,30,14,-1.9,0.047,0.12,0.219,0.572,0.13
203926,Doug McDermott,1610612741,CHI,24.,6-8,80,225,Creighton,USA,2014,1,11,51,421,119,32,-4.5,0.02,0.087,0.161,0.541,0.043
203110,Draymond Green,1610612744,GSW,25.,6-7,79,230,Michigan State,USA,2012,2,35,51,722,485,369,21.9,0.061,0.218,0.188,0.583,0.275
2400,Drew Gooden,1610612764,WAS,34.,6-10,82,250,Kansas,USA,2002,1,4,22,70,75,13,-7.4,0.101,0.228,0.163,0.391,0.07
2730,Dwight Howard,1610612745,HOU,30.,6-11,83,265,None,USA,2004,1,1,44,641,528,65,-1.3,0.125,0.294,0.195,0.61,0.078
203939,Dwight Powell,1610612742,DAL,24.,6-11,83,240,Stanford,Canada,2014,2,45,52,349,240,36,-1.9,0.088,0.223,0.183,0.567,0.075
2548,Dwyane Wade,1610612748,MIA,34.,6-4,76,220,Marquette,USA,2003,1,5,50,936,202,235,-1.4,0.047,0.102,0.315,0.513,0.29
202734,E'Twaun Moore,1610612741,CHI,26.,6-4,76,191,Purdue,USA,2011,2,55,40,249,76,50,-1.9,0.016,0.087,0.152,0.543,0.103
202334,Ed Davis,1610612757,POR,26.,6-10,82,240,North Carolina,USA,2010,1,13,53,349,386,60,1.3,0.142,0.227,0.127,0.61,0.08
203901,Elfrid Payton,1610612753,ORL,21.,6-4,76,185,Louisiana-Lafayette,USA,2014,1,10,48,531,173,279,-4.1,0.034,0.098,0.208,0.472,0.302
202407,Elijah Millsap,1610612762,UTA,28.,6-6,78,225,Alabama-Birmingham,USA,Undrafted,Undrafted,Undrafted,20,36,35,19,6.6,0.038,0.179,0.146,0.384,0.164
202343,Elliot Williams,1610612763,MEM,26.,6-5,77,183,Memphis,USA,2010,1,22,5,8,4,4,-0.6,0.026,0.079,0.137,0.34,0.143
1626144,Emmanuel Mudiay,1610612743,DEN,19.,6-5,77,200,None,Democratic Republic of the Congo,2015,1,7,40,456,129,235,-4.2,0.017,0.1,0.251,0.407,0.304
202683,Enes Kanter,1610612760,OKC,23.,6-11,83,245,Kentucky,Turkey,2011,1,3,54,643,417,27,4.1,0.164,0.253,0.229,0.609,0.04
202339,Eric Bledsoe,1610612756,PHX,26.,6-1,73,190,Kentucky,USA,2010,1,18,31,632,125,190,-2.2,0.018,0.112,0.273,0.557,0.298
201569,Eric Gordon,1610612740,NOP,27.,6-4,76,215,Indiana,USA,2008,1,7,41,611,88,110,-2.2,0.008,0.063,0.201,0.555,0.126
203961,Eric Moreland,1610612758,SAC,24.,6-10,82,238,Oregon State,USA,Undrafted,Undrafted,Undrafted,5,4,6,0,18.1,0.059,0.2,0.067,0.515,0.
203475,Erick Green,1610612762,UTA,24.,6-4,76,185,Virginia Tech,USA,2013,2,46,9,13,6,3,-1.5,0.086,0.115,0.151,0.468,0.107
101141,Ersan Ilyasova,1610612765,DET,28.,6-10,82,235,None,Turkey,2005,2,36,52,589,282,55,-1.6,0.07,0.151,0.184,0.53,0.059
203095,Evan Fournier,1610612753,ORL,23.,6-7,79,205,None,France,2012,1,20,52,730,149,138,-3.2,0.014,0.088,0.2,0.572,0.133
202323,Evan Turner,1610612738,BOS,27.,6-7,79,220,Ohio State,USA,2010,1,2,55,542,260,243,1.9,0.025,0.164,0.188,0.5,0.254
203105,Festus Ezeli,1610612744,GSW,26.,6-11,83,265,Vanderbilt,Nigeria,2012,1,30,40,300,234,31,14.8,0.141,0.219,0.181,0.567,0.063
1626163,Frank Kaminsky,1610612766,CHA,22.,7-0,84,240,Wisconsin,USA,2015,1,9,52,397,209,71,0.7,0.042,0.166,0.175,0.504,0.106
202066,Garrett Temple,1610612764,WAS,29.,6-6,78,195,Louisiana State,USA,Undrafted,Undrafted,Undrafted,49,399,128,90,1.7,0.02,0.097,0.15,0.515,0.102
203914,Gary Harris,1610612743,DEN,21.,6-4,76,210,Michigan State,USA,2014,1,19,48,531,137,84,-4.6,0.022,0.081,0.158,0.558,0.087
202390,Gary Neal,1610612764,WAS,31.,6-4,76,210,Towson,USA,Undrafted,Undrafted,Undrafted,40,390,83,47,-9.,0.015,0.108,0.211,0.558,0.099
201588,George Hill,1610612754,IND,29.,6-3,75,188,Indiana Purdue-Indianapolis,USA,2008,1,26,46,598,178,150,2.6,0.023,0.099,0.164,0.566,0.144
101123,Gerald Green,1610612748,MIA,30.,6-7,79,205,None,USA,2005,1,18,47,477,128,45,2.2,0.018,0.099,0.2,0.5,0.06
201945,Gerald Henderson,1610612757,POR,28.,6-5,77,215,Duke,USA,2009,1,12,45,345,124,44,3.,0.024,0.146,0.204,0.513,0.085
203507,Giannis Antetokounmpo,1610612749,MIL,21.,6-11,83,222,None,Greece,2013,1,15,52,825,370,144,-4.2,0.049,0.185,0.213,0.569,0.129
203922,Glenn Robinson,1610612754,IND,22.,6-7,79,222,Michigan,USA,2014,2,40,38,143,60,21,-5.7,0.026,0.119,0.157,0.497,0.071
201609,Goran Dragic,1610612748,MIA,29.,6-3,75,190,None,Slovenia,2008,2,45,44,535,147,231,2.8,0.022,0.091,0.197,0.531,0.259
202330,Gordon Hayward,1610612762,UTA,25.,6-8,80,226,Butler,USA,2010,1,9,52,1033,265,191,1.,0.025,0.139,0.26,0.56,0.183
203476,Gorgui Dieng,1610612750,MIN,26.,6-11,83,241,Louisville,Senegal,2013,1,21,54,506,381,87,-1.7,0.091,0.235,0.173,0.601,0.101
202328,Greg Monroe,1610612749,MIL,25.,6-11,83,265,Georgetown,USA,2010,1,7,52,868,503,118,-2.2,0.117,0.244,0.244,0.562,0.128
202349,Greivis Vasquez,1610612749,MIL,29.,6-6,78,217,Maryland,Venezuela,2010,1,28,16,114,37,71,-7.4,0.013,0.112,0.195,0.463,0.321
203084,Harrison Barnes,1610612744,GSW,23.,6-8,80,225,North Carolina,USA,2012,1,7,36,440,164,63,12.9,0.043,0.124,0.172,0.564,0.08
202355,Hassan Whiteside,1610612748,MIA,26.,7-0,84,265,Marshall,USA,2010,2,33,45,549,494,15,0.9,0.127,0.309,0.195,0.619,0.02
203138,Hollis Thompson,1610612755,PHI,24.,6-8,80,206,Georgetown,USA,Undrafted,Undrafted,Undrafted,51,455,169,54,-8.6,0.025,0.112,0.154,0.533,0.063
203546,Ian Clark,1610612744,GSW,24.,6-3,75,175,Belmont,USA,Undrafted,Undrafted,Undrafted,43,184,45,45,-2.4,0.025,0.094,0.211,0.567,0.165
101133,Ian Mahinmi,1610612754,IND,29.,6-11,83,250,None,France,2005,1,28,44,370,309,59,4.2,0.095,0.227,0.148,0.608,0.087
202697,Iman Shumpert,1610612739,CLE,25.,6-5,77,220,Georgia Tech,USA,2011,1,17,30,185,100,45,6.9,0.025,0.124,0.143,0.48,0.091
203477,Isaiah Canaan,1610612755,PHI,24.,6-0,72,201,Murray State,USA,2013,2,34,52,530,114,96,-9.7,0.01,0.091,0.198,0.524,0.129
202738,Isaiah Thomas,1610612738,BOS,27.,5-9,69,185,Washington,USA,2011,2,60,55,1185,165,365,4.4,0.018,0.081,0.286,0.56,0.331
202397,Ish Smith,1610612755,PHI,27.,6-0,72,175,Wake Forest,USA,Undrafted,Undrafted,Undrafted,48,560,171,319,-5.8,0.022,0.123,0.248,0.45,0.407
1626266,J.J. O'Brien,1610612762,UTA,23.,6-7,79,220,San Diego State,USA,Undrafted,Undrafted,Undrafted,2,0,1,0,-48.1,0.,0.25,0.077,0.,0.
2747,J.R. Smith,1610612739,CLE,30.,6-6,78,225,None,USA,2004,1,18,48,618,137,74,7.,0.021,0.085,0.19,0.535,0.077
201581,JJ Hickson,1610612743,DEN,27.,6-9,81,242,North Carolina State,USA,2008,1,19,20,137,87,16,-6.1,0.08,0.227,0.217,0.508,0.089
200755,JJ Redick,1610612746,LAC,31.,6-4,76,190,Duke,USA,2006,1,11,49,804,85,71,11.5,0.004,0.062,0.221,0.635,0.081
203960,JaKarr Sampson,1610612755,PHI,22.,6-9,81,214,St. John's (NY),USA,Undrafted,Undrafted,Undrafted,47,240,129,30,-8.1,0.046,0.158,0.188,0.49,0.071
203210,JaMychal Green,1610612763,MEM,25.,6-9,81,227,Alabama,USA,Undrafted,Undrafted,Undrafted,49,270,189,19,0.3,0.09,0.22,0.179,0.573,0.045
201580,JaVale McGee,1610612742,DAL,28.,7-0,84,270,Nevada,USA,2008,1,18,32,170,130,3,-6.9,0.15,0.238,0.217,0.583,0.016
203953,Jabari Parker,1610612749,MIL,20.,6-8,80,250,Duke,USA,2014,1,2,48,542,225,69,-4.4,0.061,0.119,0.185,0.525,0.078
203109,Jae Crowder,1610612738,BOS,25.,6-6,78,235,Marquette,USA,2012,2,34,55,773,282,102,5.3,0.03,0.138,0.178,0.572,0.085
1626143,Jahlil Okafor,1610612755,PHI,20.,6-11,83,275,Duke,USA,2015,1,3,47,806,347,58,-15.7,0.086,0.184,0.276,0.521,0.086
2037,Jamal Crawford,1610612746,LAC,35.,6-5,77,195,Michigan,USA,2000,1,8,53,717,92,115,3.3,0.009,0.065,0.241,0.522,0.137
2749,Jameer Nelson,1610612743,DEN,34.,6-0,72,190,Saint Joseph's,USA,2004,1,20,38,299,114,190,-6.9,0.02,0.108,0.167,0.465,0.289
202341,James Anderson,1610612758,SAC,26.,6-6,78,213,Oklahoma State,USA,2010,1,20,31,71,41,15,-4.,0.021,0.105,0.127,0.426,0.063
203516,James Ennis,1610612763,MEM,25.,6-7,79,210,Long Beach State,USA,2013,2,50,10,13,5,3,-4.,0.063,0.103,0.179,0.564,0.176
201935,James Harden,1610612745,HOU,26.,6-5,77,220,Arizona State,USA,2009,1,3,55,1542,349,387,-2.,0.024,0.165,0.327,0.594,0.354
201949,James Johnson,1610612761,TOR,28.,6-9,81,250,Wake Forest,USA,2009,1,16,40,199,89,40,1.,0.041,0.126,0.157,0.571,0.103
2592,James Jones,1610612739,CLE,35.,6-8,80,218,Miami (FL),USA,2003,2,49,35,117,37,13,-8.7,0.018,0.1,0.158,0.536,0.07
203949,James Michael McAdoo,1610612744,GSW,23.,6-9,81,240,North Carolina,USA,Undrafted,Undrafted,Undrafted,25,57,32,9,-14.5,0.097,0.146,0.18,0.549,0.108
203923,James Young,1610612738,BOS,20.,6-6,78,215,Kentucky,USA,2014,1,17,20,26,22,7,-7.9,0.019,0.132,0.098,0.397,0.06
203099,Jared Cunningham,1610612739,CLE,24.,6-4,76,195,Oregon State,USA,2012,1,24,40,104,29,19,-1.2,0.011,0.09,0.169,0.464,0.079
201162,Jared Dudley,1610612764,WAS,30.,6-7,79,225,Boston College,USA,2007,1,22,50,447,187,105,-0.2,0.027,0.126,0.128,0.623,0.103
203096,Jared Sullinger,1610612738,BOS,23.,6-9,81,260,Ohio State,USA,2012,1,21,54,536,457,124,5.5,0.109,0.273,0.215,0.473,0.15
204067,Jarell Eddie,1610612764,WAS,24.,6-7,79,218,Virginia Tech,USA,Undrafted,Undrafted,Undrafted,14,42,13,2,-9.9,0.013,0.174,0.224,0.528,0.048
1626185,Jarell Martin,1610612763,MEM,21.,6-10,82,239,Louisiana State,USA,2015,1,25,2,2,0,0,1.9,0.,0.,0.209,0.2,0.
203950,Jarnell Stokes,1610612748,MIA,22.,6-9,81,255,Tennessee,USA,2014,2,35,5,7,2,1,16.6,0.,0.154,0.186,0.595,0.111
203950,Jarnell Stokes,1610612748,MIA,22.,6-9,81,263,Tennessee,USA,2014,2,35,2,0,2,0,25.3,0.333,0.25,0.,0.,0.
101127,Jarrett Jack,1610612751,BKN,32.,6-3,75,200,Georgia Tech,USA,2005,1,22,32,411,136,236,-5.8,0.009,0.138,0.213,0.505,0.34
201160,Jason Smith,1610612753,ORL,29.,7-0,84,240,Colorado State,USA,2007,1,20,46,288,110,33,-0.3,0.048,0.131,0.2,0.545,0.08
1891,Jason Terry,1610612745,HOU,38.,6-2,74,185,Arizona,USA,1999,1,10,45,264,48,59,2.3,0.01,0.062,0.151,0.571,0.124
201574,Jason Thompson,1610612744,GSW,29.,6-11,83,250,Rider,USA,2008,1,12,26,58,52,19,-8.7,0.059,0.244,0.156,0.544,0.16
201965,Jeff Ayres,1610612746,LAC,28.,6-9,81,250,Arizona State,USA,2009,2,31,5,6,3,2,11.3,0.077,0.1,0.127,1.042,0.2
201145,Jeff Green,1610612763,MEM,29.,6-9,81,235,Georgetown,USA,2007,1,5,53,646,241,98,-0.9,0.041,0.142,0.207,0.517,0.108
201952,Jeff Teague,1610612737,ATL,27.,6-2,74,186,Wake Forest,USA,2009,1,19,52,786,138,285,-1.3,0.017,0.082,0.258,0.543,0.314
203481,Jeff Withey,1610612762,UTA,25.,7-0,84,231,Kansas,USA,2013,2,39,38,182,148,17,4.7,0.105,0.211,0.151,0.586,0.051
203924,Jerami Grant,1610612755,PHI,21.,6-8,80,210,Syracuse,USA,2014,2,39,51,467,237,82,-8.8,0.054,0.141,0.175,0.52,0.103
202379,Jeremy Evans,1610612742,DAL,28.,6-9,81,200,Western Kentucky,USA,2010,2,55,29,68,54,2,-4.6,0.047,0.169,0.115,0.605,0.013
203087,Jeremy Lamb,1610612766,CHA,23.,6-5,77,185,Connecticut,USA,2012,1,12,43,450,181,56,3.4,0.042,0.176,0.224,0.542,0.116
202391,Jeremy Lin,1610612766,CHA,27.,6-3,75,200,Harvard,USA,Undrafted,Undrafted,Undrafted,50,607,163,164,2.6,0.024,0.106,0.22,0.536,0.21
1626170,Jerian Grant,1610612752,NYK,23.,6-4,76,195,Notre Dame,USA,2015,1,19,51,239,86,124,-5.9,0.019,0.105,0.183,0.435,0.257
201573,Jerryd Bayless,1610612749,MIL,27.,6-3,75,200,Arizona,USA,2008,1,11,36,378,101,123,-5.8,0.015,0.099,0.178,0.566,0.199
202690,Jimmer Fredette,1610612740,NOP,26.,6-2,74,195,Brigham Young,USA,2011,1,10,4,2,0,1,-80.2,0.,0.,0.193,0.25,0.5
202710,Jimmy Butler,1610612741,CHI,26.,6-7,79,220,Marquette,USA,2011,1,30,48,1074,249,205,-0.2,0.031,0.109,0.249,0.57,0.193
201149,Joakim Noah,1610612741,CHI,30.,6-11,83,232,Florida,USA,2007,1,9,29,124,255,110,-0.2,0.14,0.266,0.139,0.406,0.256
201975,Jodie Meeks,1610612765,DET,28.,6-4,76,210,Kentucky,USA,2009,2,41,2,2,2,0,-2.7,0.053,0.071,0.155,0.2,0.
203925,Joe Harris,1610612739,CLE,24.,6-6,78,219,Virginia,USA,2014,2,33,5,3,3,2,-55.2,0.,0.375,0.142,0.375,0.182
204060,Joe Ingles,1610612762,UTA,28.,6-8,80,226,None,Australia,Undrafted,Undrafted,Undrafted,51,203,82,55,-1.4,0.018,0.116,0.136,0.553,0.119
2207,Joe Johnson,1610612751,BKN,34.,6-7,79,240,Arkansas,USA,2001,1,10,54,623,207,219,-4.9,0.02,0.107,0.179,0.502,0.176
1626202,Joe Young,1610612754,IND,23.,6-2,74,180,Oregon,USA,2015,2,43,28,110,30,41,-4.,0.02,0.106,0.23,0.47,0.248
201202,Joel Anthony,1610612765,DET,33.,6-9,81,245,Nevada-Las Vegas,Canada,Undrafted,Undrafted,Undrafted,13,9,15,1,1.1,0.137,0.154,0.071,0.589,0.034
203530,Joffrey Lauvergne,1610612743,DEN,24.,6-11,83,220,None,France,2013,2,55,32,240,164,33,-12.1,0.092,0.229,0.196,0.553,0.106
203089,John Henson,1610612749,MIL,25.,6-11,83,229,North Carolina,USA,2012,1,14,42,284,164,41,-5.,0.1,0.163,0.185,0.594,0.1
203098,John Jenkins,1610612742,DAL,24.,6-4,76,215,Vanderbilt,USA,2012,1,23,21,69,22,9,4.4,0.022,0.094,0.196,0.466,0.068
202322,John Wall,1610612764,WAS,25.,6-4,76,195,Kentucky,USA,2010,1,1,51,1021,228,507,-1.3,0.018,0.125,0.287,0.514,0.446
203948,Johnny O'Bryant,1610612749,MIL,22.,6-9,81,257,Louisiana State,USA,2014,2,36,47,154,137,29,-4.,0.094,0.147,0.139,0.441,0.065
202720,Jon Leuer,1610612756,PHX,26.,6-10,82,228,Wisconsin,USA,2011,2,40,43,370,239,54,-3.1,0.054,0.26,0.19,0.56,0.097
201973,Jonas Jerebko,1610612738,BOS,28.,6-10,82,231,None,Sweden,2009,2,39,54,209,181,40,4.5,0.071,0.199,0.135,0.525,0.077
202685,Jonas Valanciunas,1610612761,TOR,23.,7-0,84,255,None,Lithuania,2011,1,5,35,432,328,30,4.1,0.146,0.275,0.202,0.597,0.054
203613,Jonathon Simmons,1610612759,SAS,26.,6-6,78,195,Houston,,Undrafted,Undrafted,Undrafted,39,233,61,46,13.4,0.023,0.099,0.196,0.589,0.122
203919,Jordan Adams,1610612763,MEM,21.,6-5,77,209,UCLA,USA,2014,1,22,2,7,2,3,5.3,0.,0.182,0.286,0.427,0.273
203903,Jordan Clarkson,1610612747,LAL,23.,6-5,77,194,Missouri,USA,2014,2,46,53,814,207,135,-12.,0.037,0.092,0.225,0.52,0.145
201941,Jordan Hill,1610612754,IND,28.,6-10,82,235,Arizona,USA,2009,1,8,49,457,336,64,3.9,0.12,0.214,0.199,0.545,0.097
203895,Jordan McRae,1610612756,PHX,24.,6-5,77,179,Tennessee,,2014,2,58,6,29,6,7,4.2,0.016,0.075,0.215,0.561,0.179
1626175,Jordan Mickey,1610612738,BOS,21.,6-8,80,235,Louisiana State,USA,2015,2,33,3,7,3,1,6.7,0.286,0.25,0.251,0.81,0.2
101181,Jose Calderon,1610612752,NYK,34.,6-3,75,200,None,Spain,Undrafted,Undrafted,Undrafted,51,380,158,207,-3.4,0.014,0.107,0.124,0.584,0.214
200826,Jose Juan Barea,1610612742,DAL,31.,6-0,72,185,Northeastern,Puerto Rico,Undrafted,Undrafted,Undrafted,49,466,92,191,-1.5,0.016,0.08,0.226,0.509,0.291
201177,Josh McRoberts,1610612748,MIA,28.,6-10,82,240,Duke,USA,2007,2,37,25,78,68,41,4.7,0.048,0.156,0.134,0.467,0.173
1626196,Josh Richardson,1610612748,MIA,22.,6-6,78,200,Tennessee,USA,2015,2,40,23,44,26,19,-13.3,0.018,0.101,0.137,0.36,0.132
2746,Josh Smith,1610612745,HOU,30.,6-9,81,225,None,USA,2004,1,17,43,262,159,66,-9.3,0.067,0.193,0.242,0.44,0.184
201950,Jrue Holiday,1610612740,NOP,25.,6-4,76,205,UCLA,USA,2009,1,17,47,707,135,259,0.7,0.019,0.107,0.282,0.521,0.359
203944,Julius Randle,1610612747,LAL,21.,6-9,81,250,Kentucky,USA,2014,1,7,54,599,538,91,-12.4,0.083,0.318,0.218,0.469,0.108
1626147,Justin Anderson,1610612742,DAL,22.,6-6,78,228,Virginia,USA,2015,1,21,33,90,53,10,0.9,0.01,0.182,0.162,0.487,0.055
203200,Justin Holiday,1610612737,ATL,26.,6-6,78,185,Washington,USA,Undrafted,Undrafted,Undrafted,26,63,27,11,-3.6,0.017,0.095,0.159,0.407,0.064
1626159,Justise Winslow,1610612748,MIA,19.,6-7,79,225,Duke,USA,2015,1,10,50,286,253,66,3.1,0.036,0.172,0.119,0.494,0.071
203994,Jusuf Nurkic,1610612743,DEN,21.,7-0,84,280,None,Boznia & Herzegovina,2014,1,16,17,110,86,13,-1.1,0.128,0.267,0.286,0.411,0.101
203909,KJ McDaniels,1610612745,HOU,23.,6-6,78,205,Clemson,USA,2014,2,32,16,24,13,1,21.3,0.063,0.132,0.239,0.401,0.028
1626157,Karl-Anthony Towns,1610612750,MIN,20.,7-0,84,244,Kentucky,USA,2015,1,1,54,922,547,78,-2.8,0.105,0.277,0.242,0.596,0.086
202695,Kawhi Leonard,1610612759,SAS,24.,6-7,79,230,San Diego State,USA,2011,1,15,51,1031,341,126,15.,0.045,0.181,0.248,0.621,0.121
203951,Keith Appling,1610612753,ORL,23.,6-1,73,185,Michigan State,USA,Undrafted,Undrafted,Undrafted,5,6,1,1,20.3,0.,0.042,0.201,0.338,0.059
203482,Kelly Olynyk,1610612738,BOS,24.,7-0,84,238,Gonzaga,Canada,2013,1,13,54,548,232,84,6.4,0.056,0.163,0.21,0.562,0.121
1626162,Kelly Oubre,1610612764,WAS,20.,6-7,79,205,Kansas,USA,2015,1,15,43,163,93,11,-3.,0.04,0.166,0.157,0.508,0.032
202689,Kemba Walker,1610612766,CHA,25.,6-1,73,184,Connecticut,USA,2011,1,9,52,1066,229,262,1.8,0.025,0.112,0.266,0.54,0.253
203088,Kendall Marshall,1610612755,PHI,24.,6-4,76,200,North Carolina,USA,2012,1,13,14,50,13,45,-15.,0.006,0.075,0.209,0.393,0.328
2570,Kendrick Perkins,1610612740,NOP,31.,6-10,82,270,None,USA,2003,1,27,10,27,19,5,-31.9,0.077,0.203,0.129,0.76,0.091
202702,Kenneth Faried,1610612743,DEN,26.,6-8,80,228,Morehead State,USA,2011,1,22,47,589,416,56,-4.8,0.143,0.232,0.204,0.571,0.077
203145,Kent Bazemore,1610612737,ATL,26.,6-5,77,201,Old Dominion,USA,Undrafted,Undrafted,Undrafted,50,620,248,119,2.8,0.014,0.176,0.202,0.565,0.13
203484,Kentavious Caldwell-Pope,1610612765,DET,22.,6-5,77,205,Georgia,USA,2013,1,8,50,732,189,91,2.3,0.024,0.088,0.178,0.524,0.075
201142,Kevin Durant,1610612760,OKC,27.,6-9,81,240,Texas,USA,2007,1,2,47,1302,373,213,13.2,0.018,0.204,0.295,0.637,0.204
708,Kevin Garnett,1610612750,MIN,39.,6-11,83,240,None,USA,1995,1,5,38,122,150,62,6.6,0.031,0.262,0.117,0.491,0.164
201567,Kevin Love,1610612739,CLE,27.,6-10,82,251,UCLA,USA,2008,1,5,51,799,527,120,9.4,0.076,0.292,0.23,0.546,0.114
2755,Kevin Martin,1610612750,MIN,33.,6-7,79,199,Western Carolina,USA,2004,1,26,35,395,71,44,-5.,0.013,0.089,0.231,0.518,0.097
202338,Kevin Seraphin,1610612752,NYK,26.,6-10,82,278,Le Moyne,France,2010,1,17,34,129,76,37,-12.,0.077,0.166,0.238,0.428,0.191
1626172,Kevon Looney,1610612744,GSW,20.,6-9,81,220,UCLA,USA,2015,1,30,2,5,2,0,-24.2,0.,0.333,0.179,0.833,0.
203114,Khris Middleton,1610612749,MIL,24.,6-8,80,234,Texas A&M,USA,2012,2,39,54,965,205,217,-2.1,0.018,0.102,0.226,0.552,0.177
2550,Kirk Hinrich,1610612741,CHI,35.,6-4,76,190,Kansas,USA,2003,1,7,35,132,58,59,-0.9,0.014,0.099,0.121,0.528,0.16
202691,Klay Thompson,1610612744,GSW,26.,6-7,79,215,Washington State,USA,2011,1,11,50,1064,187,112,19.2,0.014,0.099,0.259,0.597,0.1
977,Kobe Bryant,1610612747,LAL,37.,6-6,78,212,None,USA,1996,1,13,45,761,191,152,-13.6,0.026,0.132,0.306,0.458,0.206
201585,Kosta Koufos,1610612758,SAC,26.,7-0,84,265,Ohio State,USA,2008,1,23,52,352,294,19,-9.4,0.123,0.188,0.149,0.546,0.029
203123,Kostas Papanikolaou,1610612743,DEN,25.,6-8,80,235,None,Greece,2012,2,48,26,67,40,16,-0.2,0.032,0.125,0.145,0.464,0.077
2743,Kris Humphries,1610612764,WAS,31.,6-9,81,235,Minnesota,USA,2004,1,14,28,180,115,16,-7.,0.06,0.226,0.178,0.524,0.053
204001,Kristaps Porzingis,1610612752,NYK,20.,7-3,87,240,None,Latvia,2015,1,4,54,752,415,66,0.6,0.081,0.211,0.239,0.522,0.071
203937,Kyle Anderson,1610612759,SAS,22.,6-9,81,230,UCLA,USA,2014,1,30,49,187,110,65,14.8,0.025,0.166,0.153,0.53,0.141
2594,Kyle Korver,1610612737,ATL,34.,6-7,79,212,Creighton,USA,2003,2,51,53,495,184,117,4.,0.006,0.12,0.141,0.57,0.103
200768,Kyle Lowry,1610612761,TOR,29.,6-0,72,205,Villanova,USA,2006,1,24,52,1090,255,325,5.9,0.023,0.131,0.258,0.579,0.29
203124,Kyle O'Quinn,1610612752,NYK,25.,6-10,82,250,Norfolk State,USA,2012,2,49,43,193,157,48,-4.1,0.118,0.238,0.215,0.516,0.171
202713,Kyle Singler,1610612760,OKC,27.,6-8,80,228,Duke,USA,2011,2,33,43,136,79,10,-1.9,0.046,0.108,0.119,0.489,0.026
202681,Kyrie Irving,1610612739,CLE,23.,6-3,75,193,Duke,Australia,2011,1,1,26,493,80,116,9.5,0.035,0.084,0.293,0.544,0.248
200746,LaMarcus Aldridge,1610612759,SAS,30.,6-11,83,240,Texas,USA,2006,1,2,49,834,410,70,12.1,0.098,0.217,0.256,0.554,0.079
203934,Lamar Patterson,1610612737,ATL,24.,6-5,77,225,Pittsburgh,USA,Undrafted,Undrafted,Undrafted,35,84,50,39,3.1,0.012,0.141,0.126,0.468,0.134
202362,Lance Stephenson,1610612746,LAC,25.,6-5,77,230,Cincinnati,USA,2010,2,40,43,204,108,60,-0.9,0.032,0.14,0.15,0.569,0.13
202498,Lance Thomas,1610612752,NYK,27.,6-8,80,235,Duke,USA,Undrafted,Undrafted,Undrafted,50,425,103,42,-1.9,0.031,0.075,0.175,0.581,0.065
204038,Langston Galloway,1610612752,NYK,24.,6-2,74,200,Saint Joseph's,USA,Undrafted,Undrafted,Undrafted,55,442,202,128,-2.4,0.025,0.137,0.149,0.526,0.15
1626204,Larry Nance Jr.,1610612747,LAL,23.,6-9,81,230,Wyoming,USA,2015,1,27,40,232,198,26,-11.5,0.078,0.183,0.128,0.56,0.053
202730,Lavoy Allen,1610612754,IND,27.,6-9,81,255,Temple,USA,2011,2,50,52,295,297,50,8.5,0.11,0.177,0.133,0.509,0.066
2544,LeBron James,1610612739,CLE,31.,6-8,80,250,None,USA,2003,1,1,51,1275,364,333,10.6,0.037,0.186,0.314,0.571,0.33
2571,Leandro Barbosa,1610612744,GSW,33.,6-3,75,194,None,Brazil,2003,1,28,39,257,61,55,4.9,0.027,0.085,0.202,0.534,0.146
203485,Lorenzo Brown,1610612756,PHX,25.,6-5,77,189,North Carolina State,USA,2013,2,52,8,20,7,11,-29.1,0.,0.149,0.261,0.374,0.306
200811,Lou Amundson,1610612752,NYK,33.,6-9,81,220,Nevada-Las Vegas,USA,Undrafted,Undrafted,Undrafted,22,48,41,9,-8.9,0.106,0.159,0.171,0.452,0.105
101150,Lou Williams,1610612747,LAL,29.,6-1,73,175,None,USA,2005,2,45,52,803,141,136,-14.2,0.016,0.084,0.223,0.572,0.153
201601,Luc Mbah a Moute,1610612746,LAC,29.,6-8,80,230,UCLA,Cameroon,2008,2,37,51,148,124,19,10.1,0.061,0.099,0.099,0.482,0.031
203512,Lucas Nogueira,1610612761,TOR,23.,7-0,84,220,None,Brazil,2013,1,16,18,47,25,3,-7.3,0.07,0.129,0.129,0.713,0.034
1626242,Luis Montero,1610612757,POR,22.,6-7,79,185,Westchester CC NY,Dominican Republic,Undrafted,Undrafted,Undrafted,7,13,2,1,-27.7,0.,0.118,0.286,0.468,0.125
2449,Luis Scola,1610612761,TOR,35.,6-9,81,240,None,Argentina,2002,2,55,52,490,273,45,-0.9,0.069,0.203,0.196,0.521,0.062
202337,Luke Babbitt,1610612740,NOP,26.,6-9,81,225,Nevada,USA,2010,1,16,24,89,55,10,-5.6,0.023,0.171,0.125,0.502,0.041
2736,Luol Deng,1610612748,MIA,30.,6-9,81,220,Duke,Great Britain,2004,1,7,46,486,215,69,-2.8,0.037,0.133,0.158,0.539,0.075
1938,Manu Ginobili,1610612759,SAS,38.,6-6,78,205,None,Argentina,1999,2,57,43,430,127,142,17.,0.032,0.134,0.237,0.567,0.243
201188,Marc Gasol,1610612763,MEM,31.,7-1,85,255,None,Spain,2007,2,48,52,861,362,196,-0.1,0.036,0.202,0.239,0.528,0.195
1626273,Marcelo Huertas,1610612747,LAL,32.,6-3,75,200,None,Brazil,Undrafted,Undrafted,Undrafted,29,78,37,71,0.9,0.033,0.093,0.159,0.461,0.326
101162,Marcin Gortat,1610612764,WAS,31.,6-11,83,240,None,Poland,2005,2,57,45,607,447,69,-1.6,0.097,0.259,0.193,0.572,0.077
201158,Marco Belinelli,1610612758,SAC,29.,6-5,77,210,None,Italy,2007,1,18,52,569,97,103,-7.7,0.006,0.073,0.198,0.509,0.118
202694,Marcus Morris,1610612765,DET,26.,6-9,81,235,Kansas,USA,2011,1,14,53,732,269,128,2.4,0.037,0.122,0.181,0.514,0.1
203935,Marcus Smart,1610612738,BOS,21.,6-4,76,220,Oklahoma State,USA,2014,1,6,34,336,140,102,4.3,0.044,0.119,0.178,0.482,0.163
201977,Marcus Thornton,1610612745,HOU,28.,6-4,76,205,Louisiana State,USA,2009,2,43,47,472,115,66,-1.2,0.038,0.108,0.241,0.512,0.127
201596,Mario Chalmers,1610612763,MEM,29.,6-2,74,190,Kansas,USA,2008,2,34,50,495,128,189,2.1,0.018,0.116,0.216,0.567,0.278
1626209,Mario Hezonja,1610612753,ORL,20.,6-8,80,218,None,Croatia,2015,1,5,49,263,90,54,-2.8,0.028,0.111,0.178,0.551,0.113
203900,Markel Brown,1610612751,BKN,24.,6-3,75,190,Oklahoma State,USA,2014,2,44,35,125,42,35,-10.2,0.017,0.115,0.165,0.49,0.131
202693,Markieff Morris,1610612756,PHX,26.,6-10,82,245,Kansas,USA,2011,1,13,37,430,194,87,-9.3,0.051,0.192,0.264,0.456,0.164
201578,Marreese Speights,1610612744,GSW,28.,6-10,82,255,Florida,USA,2008,1,16,43,271,146,32,-3.9,0.104,0.215,0.304,0.458,0.116
101107,Marvin Williams,1610612766,CHA,29.,6-9,81,237,North Carolina,USA,2005,1,2,53,559,348,72,2.4,0.057,0.193,0.153,0.574,0.073
203486,Mason Plumlee,1610612757,POR,25.,6-11,83,235,Duke,USA,2013,1,22,54,489,412,140,-0.1,0.113,0.213,0.176,0.55,0.154
2440,Matt Barnes,1610612763,MEM,35.,6-7,79,226,UCLA,USA,2002,2,45,49,431,248,86,-2.2,0.042,0.175,0.165,0.529,0.109
2588,Matt Bonner,1610612759,SAS,35.,6-10,82,235,Florida,USA,2003,2,45,20,46,18,6,20.9,0.037,0.142,0.154,0.702,0.08
203521,Matthew Dellavedova,1610612739,CLE,25.,6-4,76,198,Saint Mary's (CA),Australia,Undrafted,Undrafted,Undrafted,46,377,114,223,11.5,0.026,0.079,0.156,0.548,0.273
203090,Maurice Harkless,1610612757,POR,22.,6-9,81,215,St. John's (NY),USA,2012,1,15,52,278,164,44,-2.5,0.067,0.135,0.148,0.535,0.075
1897,Metta World Peace,1610612747,LAL,36.,6-7,79,260,St. John's (NY),USA,1999,1,16,20,95,51,17,-2.4,0.032,0.118,0.158,0.413,0.081
203086,Meyers Leonard,1610612757,POR,23.,7-1,85,245,Illinois,USA,2012,1,11,47,415,238,75,-0.2,0.044,0.199,0.178,0.551,0.103
203487,Michael Carter-Williams,1610612749,MIL,24.,6-6,78,190,Syracuse,USA,2013,1,11,49,562,249,268,-2.8,0.036,0.152,0.211,0.499,0.278
203077,Michael Kidd-Gilchrist,1610612766,CHA,22.,6-7,79,232,Kentucky,USA,2012,1,2,7,89,45,9,15.2,0.065,0.16,0.179,0.603,0.069
201144,Mike Conley,1610612763,MEM,28.,6-1,73,175,Ohio State,USA,2007,1,4,47,699,141,286,1.2,0.016,0.097,0.228,0.529,0.322
2399,Mike Dunleavy,1610612741,CHI,35.,6-9,81,230,Duke,USA,2002,1,3,3,15,2,3,-0.6,0.,0.056,0.187,0.504,0.094
2034,Mike Miller,1610612743,DEN,35.,6-8,80,218,Florida,USA,2000,1,5,38,46,45,34,-11.1,0.019,0.139,0.087,0.489,0.162
203488,Mike Muscala,1610612737,ATL,24.,6-11,83,240,Bucknell,USA,2013,2,44,40,149,87,25,-4.5,0.063,0.16,0.153,0.583,0.092
203118,Mike Scott,1610612737,ATL,27.,6-8,80,237,Virginia,USA,2012,2,43,49,321,121,48,7.8,0.053,0.136,0.187,0.594,0.105
203101,Miles Plumlee,1610612749,MIL,27.,6-11,83,249,Duke,USA,2012,1,26,33,99,84,6,-13.3,0.115,0.182,0.142,0.607,0.033
203141,Mirza Teletovic,1610612756,PHX,30.,6-9,81,242,None,Boznia & Herzegovina,Undrafted,Undrafted,Undrafted,52,522,154,51,-4.7,0.032,0.151,0.224,0.573,0.087
203956,Mitch McGary,1610612760,OKC,23.,6-10,82,255,Michigan,USA,2014,1,21,15,20,15,2,-29.9,0.087,0.216,0.19,0.487,0.054
2590,Mo Williams,1610612739,CLE,33.,6-1,73,198,Alabama,USA,2003,2,47,34,311,65,93,-4.9,0.007,0.098,0.227,0.528,0.238
101145,Monta Ellis,1610612754,IND,30.,6-3,75,185,None,USA,2005,2,40,53,736,160,257,2.6,0.013,0.085,0.213,0.504,0.231
1626149,Montrezl Harrell,1610612745,HOU,22.,6-8,80,240,Louisville,USA,2015,2,32,28,94,48,10,0.3,0.073,0.112,0.135,0.638,0.057
1626167,Myles Turner,1610612754,IND,19.,6-11,83,243,Texas,USA,2015,1,11,31,308,154,15,-1.8,0.065,0.203,0.211,0.555,0.041
101126,Nate Robinson,1610612740,NOP,31.,5-9,69,180,Washington,USA,2005,1,21,2,0,0,4,-43.4,0.,0.,0.019,0.,0.286
202357,Nemanja Bjelica,1610612750,MIN,27.,6-10,82,240,None,Yugoslavia,Undrafted,Undrafted,Undrafted,46,205,149,62,-4.7,0.047,0.166,0.119,0.549,0.114
2403,Nene,1610612764,WAS,33.,6-11,83,250,None,Brazil,2002,1,7,28,245,122,40,0.9,0.053,0.224,0.218,0.559,0.129
203457,Nerlens Noel,1610612755,PHI,21.,6-11,83,228,Kentucky,USA,2013,1,6,46,495,375,73,-11.3,0.081,0.226,0.184,0.552,0.095
2555,Nick Collison,1610612760,OKC,35.,6-10,82,255,Kansas,USA,2003,1,12,44,97,127,33,3.,0.115,0.151,0.106,0.496,0.085
201156,Nick Young,1610612747,LAL,30.,6-7,79,210,Southern California,USA,2007,1,16,44,317,78,25,-13.,0.016,0.089,0.186,0.491,0.056
201587,Nicolas Batum,1610612766,CHA,27.,6-8,80,200,None,France,2008,1,25,44,656,287,245,2.7,0.027,0.175,0.216,0.542,0.255
203917,Nik Stauskas,1610612755,PHI,22.,6-6,78,205,Michigan,Canada,2014,1,8,47,354,108,84,-13.5,0.01,0.097,0.158,0.503,0.119
203999,Nikola Jokic,1610612743,DEN,20.,6-10,82,250,None,Serbia,Undrafted,Undrafted,Undrafted,52,493,308,97,3.7,0.122,0.216,0.205,0.591,0.155
202703,Nikola Mirotic,1610612741,CHI,25.,6-10,82,220,None,Montenegro,2011,1,23,44,466,258,61,1.3,0.044,0.21,0.208,0.528,0.088
201593,Nikola Pekovic,1610612750,MIN,30.,6-11,83,307,None,Montenegro,2008,2,31,12,54,21,11,-18.3,0.053,0.118,0.208,0.459,0.131
202696,Nikola Vucevic,1610612753,ORL,25.,7-0,84,260,Southern California,Montenegro,2011,1,16,49,835,438,146,-3.,0.099,0.216,0.256,0.516,0.163
203943,Noah Vonleh,1610612757,POR,20.,6-9,81,240,Indiana,USA,2014,1,9,50,180,207,25,-3.9,0.086,0.197,0.12,0.476,0.045
1626181,Norman Powell,1610612761,TOR,22.,6-4,76,215,UCLA,USA,2015,2,46,24,32,26,7,-2.1,0.043,0.134,0.175,0.301,0.074
202708,Norris Cole,1610612740,NOP,27.,6-2,74,175,Cleveland State,USA,2011,1,28,36,362,117,119,-7.4,0.008,0.136,0.218,0.452,0.203
201564,O.J. Mayo,1610612749,MIL,28.,6-5,77,210,Southern California,USA,2008,1,3,31,265,78,97,-2.3,0.013,0.092,0.184,0.461,0.173
201600,Omer Asik,1610612740,NOP,29.,7-0,84,255,None,Turkey,2008,2,36,46,167,282,16,-5.3,0.113,0.264,0.106,0.561,0.029
201956,Omri Casspi,1610612758,SAC,27.,6-9,81,225,None,Israel,2009,1,23,48,582,304,67,0.3,0.028,0.196,0.167,0.6,0.07
203111,Orlando Johnson,1610612756,PHX,26.,6-5,77,220,California-Santa Barbara,USA,2012,2,36,2,16,9,0,-1.7,0.057,0.146,0.191,0.388,0.
203490,Otto Porter,1610612764,WAS,22.,6-8,80,198,Georgetown,USA,2013,1,3,44,539,230,83,-2.7,0.046,0.15,0.171,0.551,0.093
203798,PJ Hairston,1610612766,CHA,23.,6-6,78,230,North Carolina,USA,2014,1,26,48,286,128,29,-5.,0.02,0.141,0.155,0.486,0.048
200782,PJ Tucker,1610612756,PHX,30.,6-6,78,245,Texas,USA,2006,2,35,54,378,306,102,-7.9,0.061,0.15,0.12,0.503,0.093
203143,Pablo Prigioni,1610612746,LAC,38.,6-3,75,185,None,Argentina,Undrafted,Undrafted,Undrafted,33,66,60,65,-2.8,0.053,0.099,0.096,0.486,0.206
1626192,Pat Connaughton,1610612757,POR,23.,6-5,77,206,Notre Dame,USA,2015,2,41,21,12,14,3,-16.2,0.088,0.184,0.203,0.274,0.088
201976,Patrick Beverley,1610612745,HOU,27.,6-1,73,185,Arkansas,USA,2009,2,42,44,393,130,121,-0.4,0.037,0.087,0.157,0.539,0.162
202335,Patrick Patterson,1610612761,TOR,26.,6-9,81,235,Kentucky,USA,2010,1,14,52,325,219,59,10.5,0.04,0.155,0.131,0.515,0.07
201988,Patty Mills,1610612759,SAS,27.,6-0,72,185,Saint Mary's (CA),Australia,2009,2,55,53,444,105,136,16.4,0.018,0.089,0.186,0.555,0.18
2200,Pau Gasol,1610612741,CHI,35.,7-0,84,250,None,Spain,2001,1,3,49,834,533,165,0.5,0.076,0.265,0.245,0.537,0.182
202331,Paul George,1610612754,IND,25.,6-9,81,220,Fresno State,USA,2010,1,10,53,1236,378,212,4.5,0.03,0.189,0.301,0.558,0.196
200794,Paul Millsap,1610612737,ATL,31.,6-8,80,246,Louisiana Tech,USA,2006,2,47,54,958,462,176,2.2,0.084,0.205,0.244,0.575,0.166
1718,Paul Pierce,1610612746,LAC,38.,6-7,79,235,Kansas,USA,1998,1,10,48,273,135,50,-0.5,0.011,0.163,0.175,0.472,0.092
203515,Phil Pressey,1610612755,PHI,24.,5-11,71,175,Missouri,USA,Undrafted,Undrafted,Undrafted,14,55,23,46,-0.4,0.,0.142,0.205,0.437,0.43
203112,Quincy Acy,1610612758,SAC,25.,6-7,79,240,Baylor,USA,2012,2,37,30,108,84,10,-5.5,0.121,0.153,0.12,0.621,0.043
1626154,RJ Hunter,1610612738,BOS,22.,6-5,77,185,Georgia State,USA,2015,1,28,24,67,31,9,-5.,0.008,0.134,0.147,0.437,0.059
200765,Rajon Rondo,1610612758,SAC,29.,6-1,73,186,Kentucky,USA,2006,1,21,51,608,319,608,-3.7,0.037,0.154,0.189,0.501,0.488
201196,Ramon Sessions,1610612764,WAS,29.,6-3,75,190,Nevada,USA,2007,2,56,51,505,129,141,-2.7,0.014,0.133,0.22,0.576,0.222
200751,Randy Foye,1610612743,DEN,32.,6-4,76,213,Villanova,USA,2006,1,7,54,323,105,112,-0.9,0.016,0.094,0.171,0.457,0.163
1626173,Rashad Vaughn,1610612749,MIL,19.,6-6,78,202,UNLV,USA,2015,1,17,46,123,55,16,-8.,0.016,0.094,0.13,0.442,0.044
2446,Rasual Butler,1610612759,SAS,36.,6-7,79,215,La Salle,USA,2002,2,52,36,92,44,21,15.6,0.,0.14,0.131,0.549,0.093
203526,Raul Neto,1610612762,UTA,23.,6-1,73,179,None,Brazil,2013,2,47,51,316,78,126,3.5,0.015,0.073,0.173,0.514,0.196
203492,Ray McCallum,1610612759,SAS,24.,6-3,75,190,Detroit Mercy,USA,2013,2,36,25,65,31,31,12.3,0.03,0.112,0.15,0.496,0.175
101109,Raymond Felton,1610612742,DAL,31.,6-1,73,205,North Carolina,USA,2005,1,5,54,521,176,184,0.9,0.016,0.117,0.183,0.517,0.204
203493,Reggie Bullock,1610612765,DET,24.,6-7,79,205,North Carolina,USA,2013,1,25,18,6,8,3,-40.1,0.031,0.071,0.111,0.148,0.067
202704,Reggie Jackson,1610612765,DET,25.,6-3,75,208,Boston College,USA,2011,1,24,53,1013,180,330,2.,0.025,0.099,0.284,0.535,0.34
2210,Richard Jefferson,1610612739,CLE,35.,6-7,79,233,Arizona,USA,2001,1,13,48,269,72,41,-3.6,0.013,0.078,0.134,0.574,0.073
1626158,Richaun Holmes,1610612755,PHI,22.,6-10,82,245,Bowling Green,USA,2015,2,37,37,227,93,22,-5.6,0.094,0.113,0.175,0.592,0.067
201937,Ricky Rubio,1610612750,MIN,25.,6-4,76,194,None,Spain,2009,1,5,48,467,212,414,1.5,0.024,0.14,0.175,0.505,0.409
203496,Robert Covington,1610612755,PHI,25.,6-9,81,215,Tennessee State,USA,Undrafted,Undrafted,Undrafted,44,500,257,62,-10.,0.035,0.209,0.212,0.527,0.086
203135,Robert Sacre,1610612747,LAL,26.,7-0,84,270,Gonzaga,Canada,2012,2,60,18,50,41,11,-12.6,0.077,0.112,0.126,0.426,0.076
201577,Robin Lopez,1610612752,NYK,27.,7-0,84,255,Stanford,USA,2008,1,15,55,513,353,77,-0.5,0.123,0.151,0.173,0.566,0.086
203918,Rodney Hood,1610612762,UTA,23.,6-8,80,206,Duke,USA,2014,1,23,50,745,164,131,1.2,0.016,0.111,0.228,0.549,0.145
201155,Rodney Stuckey,1610612754,IND,29.,6-5,77,205,Eastern Washington,USA,2007,1,15,33,325,113,87,0.9,0.021,0.13,0.204,0.491,0.17
1626178,Rondae Hollis-Jefferson,1610612751,BKN,21.,6-7,79,220,Arizona,,2015,1,23,19,99,116,27,-1.6,0.08,0.209,0.12,0.525,0.092
101179,Ronnie Price,1610612756,PHX,32.,6-2,74,190,Utah Valley,USA,Undrafted,Undrafted,Undrafted,34,143,38,59,1.6,0.021,0.063,0.135,0.544,0.174
201579,Roy Hibbert,1610612747,LAL,29.,7-2,86,270,Georgetown,USA,2008,1,17,54,354,283,74,-15.6,0.07,0.155,0.136,0.513,0.09
200752,Rudy Gay,1610612758,SAC,29.,6-8,80,230,Connecticut,USA,2006,1,8,46,824,310,80,-2.6,0.051,0.164,0.229,0.546,0.081
203497,Rudy Gobert,1610612762,UTA,23.,7-1,85,245,None,France,2013,1,27,32,331,335,53,4.4,0.115,0.261,0.141,0.626,0.077
203893,Russ Smith,1610612763,MEM,24.,6-0,72,165,Louisville,USA,2014,2,47,15,23,9,11,-23.3,0.017,0.143,0.239,0.415,0.314
201566,Russell Westbrook,1610612760,OKC,27.,6-3,75,200,UCLA,USA,2008,1,4,54,1301,410,540,13.,0.061,0.173,0.322,0.555,0.46
201583,Ryan Anderson,1610612740,NOP,27.,6-10,82,240,California,USA,2008,1,21,51,851,301,54,-1.4,0.067,0.147,0.234,0.551,0.055
200797,Ryan Hollins,1610612763,MEM,31.,7-0,84,240,UCLA,USA,2006,2,50,19,54,44,7,-15.9,0.12,0.135,0.117,0.634,0.054
203527,Ryan Kelly,1610612747,LAL,24.,6-11,83,230,Duke,USA,2013,2,48,19,101,74,14,-6.7,0.043,0.265,0.208,0.471,0.099
1626257,Salah Mejri,1610612742,DAL,29.,7-2,86,245,None,Tunisia,Undrafted,Undrafted,Undrafted,14,53,41,2,-8.9,0.104,0.194,0.145,0.691,0.022
1626155,Sam Dekker,1610612745,HOU,21.,6-9,81,230,Wisconsin,USA,2015,1,18,3,0,1,0,2.8,0.,0.2,0.,0.,0.
201619,Sasha Kaun,1610612739,CLE,30.,6-11,83,260,Kansas,,2008,2,56,10,9,11,2,-15.2,0.2,0.097,0.137,0.589,0.087
2756,Sasha Vujacic,1610612752,NYK,31.,6-7,79,195,None,Slovenia,2004,1,27,38,143,78,45,-7.1,0.031,0.145,0.168,0.428,0.147
203930,Sean Kilpatrick,1610612743,DEN,26.,6-4,76,210,Cincinnati,USA,Undrafted,Undrafted,Undrafted,8,27,6,3,-4.3,0.025,0.051,0.148,0.551,0.056
201586,Serge Ibaka,1610612760,OKC,26.,6-10,82,245,None,Congo,2008,1,24,54,688,364,49,11.9,0.067,0.154,0.175,0.543,0.04
203508,Sergey Karasev,1610612751,BKN,22.,6-7,79,208,None,Russia,2013,1,19,24,26,18,8,-6.4,0.024,0.125,0.104,0.488,0.075
203552,Seth Curry,1610612758,SAC,25.,6-2,74,185,Duke,USA,Undrafted,Undrafted,Undrafted,25,88,19,18,0.8,0.014,0.071,0.153,0.587,0.107
203498,Shabazz Muhammad,1610612750,MIN,23.,6-6,78,223,UCLA,USA,2013,1,14,54,525,168,28,-7.5,0.063,0.119,0.22,0.544,0.047
203894,Shabazz Napier,1610612753,ORL,24.,6-1,73,175,Connecticut,USA,2014,1,24,44,177,47,89,-3.2,0.017,0.083,0.2,0.464,0.259
203499,Shane Larkin,1610612751,BKN,23.,5-11,71,175,Miami (FL),USA,2013,1,18,50,333,114,193,-10.2,0.013,0.115,0.181,0.515,0.298
2733,Shaun Livingston,1610612744,GSW,30.,6-7,79,192,None,USA,2004,1,4,49,318,91,140,5.5,0.032,0.074,0.146,0.585,0.215
203963,Shayne Whittington,1610612754,IND,24.,6-11,83,250,Western Michigan,USA,Undrafted,Undrafted,Undrafted,4,4,3,2,-34.3,0.167,0.286,0.229,0.667,0.333
202714,Shelvin Mack,1610612737,ATL,25.,6-3,75,203,Butler,USA,2011,2,34,24,93,22,38,-11.4,0.012,0.126,0.29,0.464,0.404
203524,Solomon Hill,1610612754,IND,24.,6-7,79,225,Arizona,USA,2013,1,23,30,96,66,24,0.3,0.059,0.157,0.144,0.472,0.099
201603,Sonny Weems,1610612756,PHX,29.,6-6,78,205,Arkansas,USA,2008,2,39,31,80,38,41,-15.7,0.014,0.106,0.134,0.483,0.174
203915,Spencer Dinwiddie,1610612765,DET,22.,6-6,78,200,Colorado,USA,2014,2,38,9,40,9,13,-22.6,0.,0.095,0.195,0.461,0.265
201150,Spencer Hawes,1610612766,CHA,27.,7-1,85,245,Washington,USA,2007,1,10,47,291,208,93,1.6,0.047,0.2,0.168,0.511,0.169
1626169,Stanley Johnson,1610612765,DET,19.,6-7,79,245,Arizona,USA,2015,1,8,54,490,227,89,-2.7,0.036,0.159,0.201,0.474,0.112
201939,Stephen Curry,1610612744,GSW,27.,6-3,75,190,Davidson,USA,2009,1,7,50,1489,267,329,22.3,0.03,0.126,0.316,0.676,0.31
2581,Steve Blake,1610612765,DET,35.,6-3,75,172,Maryland,USA,2003,2,38,30,132,45,87,-5.,0.013,0.092,0.157,0.519,0.297
200779,Steve Novak,1610612760,OKC,32.,6-10,82,225,Marquette,USA,2006,2,32,7,17,4,0,12.,0.,0.16,0.225,0.708,0.
203500,Steven Adams,1610612760,OKC,22.,7-0,84,255,Pittsburgh,New Zealand,2013,1,12,52,376,329,35,13.4,0.116,0.157,0.119,0.61,0.036
204456,TJ McConnell,1610612755,PHI,23.,6-2,74,200,Arizona,USA,Undrafted,Undrafted,Undrafted,53,328,193,252,-6.7,0.032,0.171,0.17,0.514,0.355
203933,TJ Warren,1610612756,PHX,22.,6-8,80,230,North Carolina State,USA,2014,1,14,47,515,147,44,-7.2,0.057,0.1,0.198,0.549,0.068
201959,Taj Gibson,1610612741,CHI,30.,6-9,81,225,Southern California,USA,2009,1,26,52,415,374,68,-0.9,0.119,0.159,0.144,0.533,0.075
204028,Tarik Black,1610612747,LAL,24.,6-9,81,250,Kansas,USA,Undrafted,Undrafted,Undrafted,20,70,84,5,5.3,0.101,0.279,0.13,0.556,0.033
2419,Tayshaun Prince,1610612750,MIN,35.,6-9,81,212,Kentucky,USA,2002,1,23,53,175,106,52,-0.5,0.024,0.083,0.081,0.49,0.066
203093,Terrence Jones,1610612745,HOU,24.,6-9,81,252,Kentucky,USA,2012,1,18,45,420,204,41,-8.6,0.064,0.166,0.196,0.519,0.071
203082,Terrence Ross,1610612761,TOR,25.,6-7,79,195,Washington,USA,2012,1,8,46,421,111,34,7.8,0.015,0.097,0.17,0.569,0.051
1626179,Terry Rozier,1610612738,BOS,21.,6-2,74,190,Louisville,USA,2015,1,16,18,29,19,11,-2.9,0.068,0.101,0.224,0.288,0.175
200757,Thabo Sefolosha,1610612737,ATL,31.,6-7,79,220,None,Switzerland,2006,1,13,49,333,219,69,3.6,0.032,0.173,0.129,0.583,0.091
201152,Thaddeus Young,1610612751,BKN,27.,6-8,80,221,Georgia Tech,USA,2007,1,12,54,814,489,91,-6.1,0.085,0.231,0.222,0.53,0.087
203648,Thanasis Antetokounmpo,1610612752,NYK,23.,6-7,79,205,None,,2014,2,51,2,6,1,0,-26.1,0.,0.125,0.288,0.75,0.
203080,Thomas Robinson,1610612751,BKN,24.,6-10,82,237,Kansas,USA,2012,1,5,48,163,186,12,-10.2,0.148,0.268,0.19,0.467,0.04
201168,Tiago Splitter,1610612737,ATL,31.,6-11,83,245,None,Brazil,2007,1,28,36,201,120,30,9.3,0.09,0.145,0.154,0.571,0.077
202353,Tibor Pleiss,1610612762,UTA,26.,7-3,87,256,None,,2010,2,31,12,24,15,2,-6.,0.095,0.134,0.199,0.464,0.043
1495,Tim Duncan,1610612759,SAS,39.,6-11,83,250,Wake Forest,U.S. Virgin Islands,1997,1,1,38,333,286,115,17.2,0.08,0.241,0.172,0.538,0.164
204025,Tim Frazier,1610612757,POR,25.,6-1,73,170,None,USA,Undrafted,Undrafted,Undrafted,35,51,39,42,-1.4,0.043,0.11,0.158,0.383,0.244
203501,Tim Hardaway Jr.,1610612737,ATL,23.,6-6,78,205,Michigan,USA,2013,1,24,24,100,40,25,9.8,0.016,0.104,0.141,0.479,0.098
202389,Timofey Mozgov,1610612739,CLE,29.,7-1,85,275,None,Russia,Undrafted,Undrafted,Undrafted,49,309,204,23,0.5,0.091,0.174,0.17,0.572,0.042
202699,Tobias Harris,1610612753,ORL,23.,6-9,81,235,Tennessee,USA,2011,1,19,49,669,343,99,-1.9,0.049,0.19,0.19,0.55,0.095
201962,Toney Douglas,1610612740,NOP,29.,6-2,74,195,Florida State,USA,2009,1,29,32,190,38,58,-3.8,0.018,0.072,0.176,0.539,0.175
2754,Tony Allen,1610612763,MEM,34.,6-4,76,213,Oklahoma State,USA,2004,1,25,46,305,221,42,1.4,0.073,0.157,0.15,0.471,0.057
2225,Tony Parker,1610612759,SAS,33.,6-2,74,185,None,France,2001,1,28,48,577,123,244,12.7,0.011,0.094,0.213,0.563,0.29
203503,Tony Snell,1610612741,CHI,24.,6-7,79,200,New Mexico,USA,2013,1,20,50,274,164,44,4.5,0.013,0.137,0.139,0.484,0.063
203100,Tony Wroten,1610612755,PHI,22.,6-6,78,205,Washington,USA,2012,1,25,8,67,21,20,-24.2,0.015,0.141,0.32,0.412,0.274
2772,Trevor Ariza,1610612745,HOU,30.,6-8,80,215,UCLA,USA,2004,2,43,54,663,250,104,-2.3,0.025,0.126,0.161,0.542,0.088
202344,Trevor Booker,1610612762,UTA,28.,6-8,80,228,Clemson,USA,2010,1,23,50,282,316,50,-0.4,0.13,0.203,0.14,0.503,0.074
203504,Trey Burke,1610612762,UTA,23.,6-1,73,191,Michigan,USA,2013,1,9,49,579,99,126,-1.1,0.017,0.083,0.243,0.512,0.202
1626168,Trey Lyles,1610612762,UTA,20.,6-10,82,234,Kentucky,Canada,2015,1,12,50,231,194,35,-0.8,0.055,0.206,0.151,0.487,0.065
202684,Tristan Thompson,1610612739,CLE,24.,6-9,81,238,Texas,Canada,2011,1,4,52,401,495,38,8.4,0.138,0.24,0.114,0.599,0.038
203584,Troy Daniels,1610612766,CHA,24.,6-4,76,205,Virginia Commonwealth,USA,Undrafted,Undrafted,Undrafted,27,147,36,10,-2.8,0.018,0.129,0.212,0.62,0.068
201951,Ty Lawson,1610612745,HOU,28.,5-11,71,195,North Carolina,USA,2009,1,18,48,300,85,174,-6.7,0.019,0.063,0.145,0.488,0.233
203898,Tyler Ennis,1610612749,MIL,21.,6-3,75,194,Syracuse,Canada,2014,1,18,24,61,24,24,-9.9,0.016,0.112,0.182,0.467,0.195
201946,Tyler Hansbrough,1610612766,CHA,30.,6-9,81,250,North Carolina,USA,2009,1,13,29,76,74,7,-2.6,0.125,0.181,0.146,0.489,0.043
204020,Tyler Johnson,1610612748,MIA,23.,6-4,76,186,Fresno State,USA,Undrafted,Undrafted,Undrafted,36,314,109,79,2.4,0.038,0.104,0.172,0.579,0.151
203092,Tyler Zeller,1610612738,BOS,26.,7-0,84,253,North Carolina,USA,2012,1,17,37,197,99,17,-3.2,0.099,0.177,0.243,0.545,0.082
201936,Tyreke Evans,1610612740,NOP,26.,6-6,78,220,Memphis,USA,2009,1,4,25,379,129,164,-0.9,0.029,0.159,0.254,0.534,0.366
2199,Tyson Chandler,1610612756,PHX,33.,7-1,85,240,None,USA,2001,1,2,45,264,381,43,-15.,0.12,0.279,0.118,0.565,0.064
1626145,Tyus Jones,1610612750,MIN,19.,6-2,74,195,Duke,USA,2015,1,24,10,30,18,19,-31.9,0.032,0.169,0.197,0.388,0.306
2617,Udonis Haslem,1610612748,MIA,35.,6-8,80,235,Florida,USA,Undrafted,Undrafted,Undrafted,25,38,55,13,-1.,0.052,0.281,0.127,0.412,0.099
203506,Victor Oladipo,1610612753,ORL,23.,6-4,76,210,Indiana,USA,2013,1,2,48,688,222,193,-2.4,0.019,0.139,0.229,0.517,0.203
1713,Vince Carter,1610612763,MEM,39.,6-6,78,220,North Carolina,USA,1998,1,5,35,145,61,24,-3.5,0.027,0.115,0.168,0.468,0.082
204002,Walter Tavares,1610612737,ATL,23.,7-3,87,260,None,Cape Verde,Undrafted,Undrafted,Undrafted,10,23,20,2,-7.3,0.135,0.217,0.169,0.534,0.039
201961,Wayne Ellington,1610612751,BKN,28.,6-4,76,200,North Carolina,USA,2009,1,28,53,386,115,48,-11.2,0.011,0.107,0.181,0.493,0.074
202325,Wesley Johnson,1610612746,LAC,28.,6-7,79,215,Syracuse,USA,2010,1,4,53,361,148,31,4.1,0.025,0.135,0.158,0.54,0.047
202083,Wesley Matthews,1610612742,DAL,29.,6-5,77,220,Marquette,USA,Undrafted,Undrafted,Undrafted,51,618,149,96,2.3,0.015,0.084,0.177,0.522,0.089
203115,Will Barton,1610612743,DEN,25.,6-6,78,175,Memphis,USA,2012,2,40,54,837,326,128,-1.7,0.033,0.205,0.238,0.56,0.149
1626161,Willie Cauley-Stein,1610612758,SAC,22.,7-0,84,240,Kentucky,USA,2015,1,6,39,243,216,16,-1.2,0.115,0.183,0.121,0.614,0.029
203186,Willie Reed,1610612751,BKN,25.,6-10,82,220,Saint Louis,USA,Undrafted,Undrafted,Undrafted,26,110,70,5,-7.3,0.109,0.2,0.181,0.585,0.032
203897,Zach LaVine,1610612750,MIN,20.,6-5,77,189,UCLA,USA,2014,1,13,54,691,159,173,-7.3,0.019,0.12,0.257,0.521,0.238
2216,Zach Randolph,1610612763,MEM,34.,6-9,81,260,Michigan State,USA,2001,1,19,48,680,384,76,-0.7,0.111,0.221,0.234,0.527,0.097
2585,Zaza Pachulia,1610612742,DAL,32.,6-11,83,275,None,Georgia,2003,2,42,50,500,535,99,3.1,0.137,0.265,0.17,0.555,0.106